sale_date,revenue,prev_day_revenue,revenue_7_days_ago,revenue_14_days_ago,rolling_7d_avg,rolling_30d_avg,rolling_7d_std,day_of_week,month,weekend,target_next_day_revenue
2010-12-31,0.0,0.0,0.0,20046.56,0.0,19090.463,0.0,Friday,December,0,0.0
2011-01-01,0.0,0.0,0.0,0.0,0.0,17544.58,0.0,Saturday,January,1,0.0
2011-01-02,0.0,0.0,0.0,7417.39,0.0,15967.362333333333,0.0,Sunday,January,1,0.0
2011-01-03,0.0,0.0,0.0,19621.96,0.0,15169.972000000002,0.0,Monday,January,0,12125.460000000001
2011-01-04,12125.460000000001,0.0,0.0,15951.66,0.0,15169.972000000002,0.0,Tuesday,January,0,28803.63
2011-01-05,28803.63,12125.460000000001,0.0,4886.52,1732.2085714285715,14515.100666666665,4582.993098894465,Wednesday,January,0,34360.19
2011-01-06,34360.19,28803.63,0.0,5648.97,5847.012857142858,14434.700333333334,11085.74885402683,Thursday,January,0,23797.79
2011-01-07,23797.79,34360.19,0.0,0.0,10755.611428571428,13786.863,14986.1953021644,Friday,January,0,0.0
2011-01-08,0.0,23797.79,0.0,0.0,14155.295714285716,13271.828666666668,14838.16346338371,Saturday,January,1,15778.2
2011-01-09,15778.2,0.0,0.0,0.0,14155.295714285716,11997.432,14838.16346338371,Sunday,January,1,15346.83
2011-01-10,15346.83,15778.2,0.0,0.0,16409.324285714287,11401.696000000002,13464.295239339312,Monday,January,0,60268.78
2011-01-11,60268.78,15346.83,12125.460000000001,0.0,18601.72857142857,11913.257,11445.086227153599,Tuesday,January,0,17153.94
2011-01-12,17153.94,60268.78,28803.63,0.0,25479.34571428571,13345.357333333335,18925.42289125826,Wednesday,January,0,15171.31
2011-01-13,15171.31,17153.94,34360.19,0.0,23815.104285714282,12995.732666666669,19095.82592804412,Thursday,January,0,39532.02
2011-01-14,39532.02,15171.31,23797.79,0.0,21073.83571428571,12524.033000000001,18703.020613937257,Friday,January,0,0.0
2011-01-15,0.0,39532.02,0.0,0.0,23321.582857142854,12831.376333333332,19986.395165042242,Saturday,January,1,7242.06
2011-01-16,7242.06,0.0,15778.2,0.0,23321.582857142854,11197.040333333332,19986.395165042242,Sunday,January,1,16597.35
2011-01-17,16597.35,7242.06,15346.83,0.0,22102.13428571428,10770.223666666665,20768.465666384585,Monday,January,0,87589.11
2011-01-18,87589.11,16597.35,60268.78,12125.460000000001,22280.78,11323.468666666666,20705.95772080989,Tuesday,January,0,21646.78
2011-01-19,21646.78,87589.11,17153.94,28803.63,26183.684285714284,13995.859333333332,29686.925576647856,Wednesday,January,0,15244.73
2011-01-20,15244.73,21646.78,15171.31,34360.19,26825.518571428573,14063.353333333333,29507.18799727926,Thursday,January,0,24279.76
2011-01-21,24279.76,15244.73,39532.02,23797.79,26836.007142857143,14039.788999999999,29502.367637981035,Friday,January,0,0.0
2011-01-22,0.0,24279.76,0.0,0.0,24657.11285714286,14686.230333333335,28966.79355258346,Saturday,January,1,10400.25
2011-01-23,10400.25,0.0,7242.06,15778.2,24657.11285714286,14497.931333333334,28966.79355258346,Sunday,January,1,17632.37
2011-01-24,17632.37,10400.25,16597.35,15346.83,25108.282857142858,14844.606333333333,28673.448706180963,Monday,January,0,24119.3
2011-01-25,24119.3,17632.37,87589.11,60268.78,25256.14285714286,15432.352,28624.87327811119,Tuesday,January,0,17490.82
2011-01-26,17490.82,24119.3,21646.78,17153.94,16189.027142857143,16236.328666666666,8724.541328375035,Wednesday,January,0,22157.03
2011-01-27,22157.03,17490.82,15244.73,15171.31,15595.31857142857,16819.356,8427.592555230774,Thursday,January,0,17273.5
2011-01-28,17273.5,22157.03,24279.76,39532.02,16582.79,17557.923666666666,8777.36998794439,Friday,January,0,0.0
2011-01-29,0.0,17273.5,0.0,0.0,15581.895714285713,18133.707,8128.904712573242,Saturday,January,1,6615.75
2011-01-30,6615.75,0.0,10400.25,7242.06,15581.895714285713,18133.707,8128.904712573242,Sunday,January,1,18818.08
2011-01-31,18818.08,6615.75,17632.37,16597.35,15041.252857142856,18354.232,8640.70603524527,Monday,January,0,26376.5
2011-02-01,26376.5,18818.08,24119.3,87589.11,15210.64,18981.501333333334,8711.300093508828,Tuesday,February,0,17145.23
2011-02-02,17145.23,26376.5,17490.82,21646.78,15533.097142857141,19860.718,9127.84067378611,Wednesday,February,0,22184.0
2011-02-03,22184.0,17145.23,22157.03,15244.73,15483.727142857142,20432.22566666667,9116.41453625953,Thursday,February,0,18114.31
2011-02-04,18114.31,22184.0,17273.5,24279.76,15487.58,20767.510333333335,9119.710022866238,Friday,February,0,0.0
2011-02-05,0.0,18114.31,0.0,0.0,15607.695714285714,20411.199666666667,9152.630506761185,Saturday,February,1,3457.11
2011-02-06,3457.11,0.0,6615.75,10400.25,15607.695714285714,19265.859999999997,9152.630506761185,Sunday,February,1,23415.010000000002
2011-02-07,23415.010000000002,3457.11,18818.08,17632.37,15156.461428571429,18587.837333333333,9729.510350535695,Monday,February,0,14168.03
2011-02-08,14168.03,23415.010000000002,26376.5,24119.3,15813.165714285715,19368.337666666666,10163.312946401655,Tuesday,February,0,11920.78
2011-02-09,11920.78,14168.03,17145.23,17490.82,14069.098571428573,19314.66533333333,9033.157709000836,Wednesday,February,0,14198.51
2011-02-10,14198.51,11920.78,22184.0,22157.03,13322.748571428572,19200.463666666667,8952.104492195185,Thursday,February,0,18599.46
2011-02-11,18599.46,14198.51,18114.31,17273.5,12181.964285714288,17664.788,8103.255608383307,Friday,February,0,0.0
2011-02-12,0.0,18599.46,0.0,0.0,12251.271428571428,17712.971999999998,8164.296356060407,Saturday,February,1,5713.63
2011-02-13,5713.63,0.0,3457.11,6615.75,12251.271428571428,17207.261666666665,8164.296356060407,Sunday,February,1,23003.99
2011-02-14,23003.99,5713.63,23415.010000000002,18818.08,12573.63142857143,16079.982,7795.409742994991,Monday,February,0,37784.65
2011-02-15,37784.65,23003.99,14168.03,26376.5,12514.914285714285,16846.781666666666,7701.117181363721,Tuesday,February,0,23499.22
2011-02-16,23499.22,37784.65,11920.78,17145.23,15888.717142857144,17864.868000000002,12328.775057560424,Wednesday,February,0,17674.79
2011-02-17,17674.79,23499.22,14198.51,22184.0,17542.780000000002,18094.930333333334,12483.428532397136,Thursday,February,0,14463.06
2011-02-18,14463.06,17674.79,18599.46,18114.31,18039.391428571427,15764.453000000001,12397.061829126336,Friday,February,0,0.0
2011-02-19,0.0,14463.06,0.0,0.0,17448.477142857144,15524.995666666668,12464.31615855134,Saturday,February,1,9624.69
2011-02-20,9624.69,0.0,5713.63,3457.11,17448.477142857144,15016.838,12464.31615855134,Sunday,February,1,32801.73
2011-02-21,32801.73,9624.69,23003.99,23415.010000000002,18007.2,14528.335666666668,11926.684877302112,Monday,February,0,29160.48
2011-02-22,29160.48,32801.73,37784.65,14168.03,19406.877142857145,15621.726666666666,13125.49305652899,Tuesday,February,0,19348.07
2011-02-23,19348.07,29160.48,23499.22,11920.78,18174.852857142858,16247.067666666666,11404.943770750942,Wednesday,February,0,21472.89
2011-02-24,21472.89,19348.07,17674.79,14198.51,17581.83142857143,16304.257666666666,11187.80799630478,Thursday,February,0,18377.69
2011-02-25,18377.69,21472.89,14463.06,18599.46,18124.417142857143,16216.044,11284.747724856652,Friday,February,0,0.0
2011-02-26,0.0,18377.69,0.0,0.0,18683.649999999998,16245.606333333333,11169.47185095011,Saturday,February,1,9526.5
2011-02-27,9526.5,0.0,9624.69,5713.63,18683.649999999998,15507.038666666667,11169.47185095011,Sunday,February,1,15107.02
2011-02-28,15107.02,9526.5,32801.73,23003.99,18669.622857142855,15248.805333333334,11182.798331147891,Monday,February,0,23631.87
2011-03-01,23631.87,15107.02,29160.48,37784.65,16141.807142857142,15752.372666666668,9296.743084843783,Tuesday,March,0,18686.99
2011-03-02,18686.99,23631.87,19348.07,23499.22,15352.005714285715,16319.576666666668,8173.384513979637,Wednesday,March,0,32855.05
2011-03-03,32855.05,18686.99,21472.89,17674.79,15257.565714285713,16315.207,8123.181278450097,Thursday,March,0,17322.47
2011-03-04,17322.47,32855.05,18377.69,14463.06,16883.588571428572,16531.158666666666,10395.912573227095,Friday,March,0,0.0
2011-03-05,0.0,17322.47,0.0,0.0,16732.842857142856,16537.066666666666,10378.272153221078,Saturday,March,1,9997.42
2011-03-06,9997.42,0.0,9526.5,9624.69,16732.842857142856,15797.6,10378.272153221078,Sunday,March,1,20285.68
2011-03-07,20285.68,9997.42,15107.02,32801.73,16800.117142857143,15527.037000000002,10325.163922840356,Monday,March,0,22230.61
2011-03-08,22230.61,20285.68,23631.87,29160.48,17539.925714285717,16203.226333333334,10369.067891575187,Tuesday,March,0,20345.87
2011-03-09,20345.87,22230.61,18686.99,19348.07,17339.745714285713,16829.009666666665,10244.63797393359,Wednesday,March,0,24431.72
2011-03-10,24431.72,20345.87,32855.05,21472.89,17576.72857142857,16726.705,10300.034249421109,Thursday,March,0,20896.0
2011-03-11,20896.0,24431.72,17322.47,18377.69,16373.395714285714,17068.828,8563.215569038815,Friday,March,0,0.0
2011-03-12,0.0,20896.0,0.0,0.0,16883.9,17368.002,8734.041355869203,Saturday,March,1,4148.12
2011-03-13,4148.12,0.0,9997.42,9526.5,16883.9,16894.718333333334,8734.041355869203,Sunday,March,1,26009.25
2011-03-14,26009.25,4148.12,20285.68,15107.02,16048.285714285714,16413.007,9726.16400242813,Monday,March,0,14936.43
2011-03-15,14936.43,26009.25,22230.61,23631.87,16865.93857142857,17279.982,10361.587740446981,Tuesday,March,0,21820.66
2011-03-16,21820.66,14936.43,20345.87,18686.99,15823.912857142856,17587.408666666666,10095.523625877824,Wednesday,March,0,32028.94
2011-03-17,32028.94,21820.66,24431.72,32855.05,16034.597142857141,17547.964333333333,10220.239303295399,Thursday,March,0,23398.74
2011-03-18,23398.74,32028.94,20896.0,17322.47,17119.914285714283,17356.107333333333,11574.265178616255,Friday,March,0,0.0
2011-03-19,0.0,23398.74,0.0,0.0,17477.448571428573,17352.757999999998,11747.706869995856,Saturday,March,1,20084.8
2011-03-20,20084.8,0.0,4148.12,9997.42,17477.448571428573,16763.59833333333,11747.706869995856,Sunday,March,1,16051.05
2011-03-21,16051.05,20084.8,26009.25,20285.68,19754.117142857143,16950.98966666667,10172.646681486456,Monday,March,0,19064.29
2011-03-22,19064.29,16051.05,14936.43,22230.61,18331.51714285714,17486.024666666668,9843.06800852038,Tuesday,March,0,21578.8
2011-03-23,21578.8,19064.29,21820.66,20345.87,18921.21142857143,17800.678,9728.755408756791,Wednesday,March,0,36697.14
2011-03-24,36697.14,21578.8,32028.94,24431.72,18886.66,17426.58033333333,9717.16444587104,Thursday,March,0,27302.75
2011-03-25,27302.75,36697.14,23398.74,20896.0,19553.545714285716,17677.802333333337,10862.168503182447,Friday,March,0,0.0
2011-03-26,0.0,27302.75,0.0,0.0,20111.261428571426,17942.958333333332,11187.847184857083,Saturday,March,1,9224.4
2011-03-27,9224.4,0.0,20084.8,4148.12,20111.261428571426,17227.195333333333,11187.847184857083,Sunday,March,1,20005.16
2011-03-28,20005.16,9224.4,16051.05,26009.25,18559.775714285715,16922.085666666666,11921.135599545965,Monday,March,0,37190.52
2011-03-29,37190.52,20005.16,19064.29,14936.43,19124.648571428574,17588.924333333332,11876.04525580301,Tuesday,March,0,29587.420000000002
2011-03-30,29587.420000000002,37190.52,21578.8,21820.66,21714.109999999997,18511.058333333334,13697.187055459,Wednesday,March,0,25688.61
2011-03-31,25688.61,29587.420000000002,36697.14,32028.94,22858.198571428573,18993.738333333335,14014.788203528013,Thursday,March,0,24586.82
2011-04-01,24586.82,25688.61,27302.75,23398.74,21285.551428571427,19062.296333333335,12764.978953360946,Friday,April,0,0.0
2011-04-02,0.0,24586.82,0.0,0.0,20897.56142857143,19258.957333333332,12591.704067430584,Saturday,April,1,6918.5
2011-04-03,6918.5,0.0,9224.4,20084.8,20897.56142857143,18163.788999999997,12591.704067430584,Sunday,April,1,29017.77
2011-04-04,29017.77,6918.5,20005.16,16051.05,20568.147142857142,17816.989999999998,12972.393329781418,Monday,April,0,28759.37
2011-04-05,28759.37,29017.77,37190.52,19064.29,21855.662857142856,18784.249,13348.990143568568,Tuesday,April,0,12722.32
2011-04-06,12722.32,28759.37,29587.420000000002,21578.8,20651.212857142855,19409.647333333334,12052.120541102195,Wednesday,April,0,16827.77
2011-04-07,16827.77,12722.32,25688.61,36697.14,18241.912857142856,19157.53533333333,11646.888823727024,Thursday,April,0,22720.71
2011-04-08,22720.71,16827.77,24586.82,27302.75,16976.07857142857,18977.440666666665,11174.601128185646,Friday,April,0,0.0
2011-04-09,0.0,22720.71,0.0,0.0,16709.49142857143,19056.602000000003,10983.397975040081,Saturday,April,1,9913.98
2011-04-10,9913.98,0.0,6918.5,9224.4,16709.49142857143,18242.211333333336,10983.397975040081,Sunday,April,1,20184.14
2011-04-11,20184.14,9913.98,29017.77,20005.16,17137.417142857143,17876.144000000004,10589.647507287045,Monday,April,0,24023.96
2011-04-12,24023.96,20184.14,28759.37,37190.52,15875.47,18548.94866666667,9397.126936729133,Tuesday,April,0,24484.42
2011-04-13,24484.42,24023.96,12722.32,29587.420000000002,15198.982857142855,19211.47666666667,8436.384830788447,Wednesday,April,0,35702.7
2011-04-14,35702.7,24484.42,16827.77,25688.61,16879.282857142858,19160.649,9012.557549284078,Thursday,April,0,18021.481
2011-04-15,18021.481,35702.7,22720.71,24586.82,19575.701428571425,19852.858,11480.27895311555,Friday,April,0,0.0
2011-04-16,0.0,18021.481,0.0,0.0,18904.382999999998,19726.2187,11402.855433666162,Saturday,April,1,12725.5
2011-04-17,12725.5,0.0,9913.98,6918.5,18904.382999999998,18658.587366666667,11402.855433666162,Sunday,April,1,43713.56
2011-04-18,43713.56,12725.5,20184.14,29017.77,19306.028714285716,18302.812700000002,11078.302263984247,Monday,April,0,18853.04
2011-04-19,18853.04,43713.56,24023.96,28759.37,22667.374428571427,19759.931366666668,14446.675945637606,Tuesday,April,0,25718.95
2011-04-20,25718.95,18853.04,24484.42,12722.32,21928.67157142857,19718.8727,14497.86032840654,Wednesday,April,0,27804.47
2011-04-21,27804.47,25718.95,35702.7,16827.77,22105.033,20041.136033333332,14541.574660683757,Thursday,April,0,0.0
2011-04-22,0.0,27804.47,18021.481,22720.71,20976.714428571428,20332.475366666666,13585.65221325489,Friday,April,0,0.0
2011-04-23,0.0,0.0,0.0,0.0,18402.217142857142,19613.18203333333,15770.819921818398,Saturday,April,1,0.0
2011-04-24,0.0,0.0,12725.5,9913.98,18402.217142857142,18389.94403333333,15770.819921818398,Sunday,April,1,0.0
2011-04-25,0.0,0.0,43713.56,20184.14,16584.288571428573,17479.852366666662,17202.688715506494,Monday,April,0,21584.41
2011-04-26,21584.41,0.0,18853.04,24023.96,10339.494285714287,17479.852366666662,13176.077209187193,Tuesday,April,0,23593.2
2011-04-27,23593.2,21584.41,25718.95,24484.42,10729.69,17891.8527,13506.51672131396,Wednesday,April,0,21323.29
2011-04-28,21323.29,23593.2,27804.47,35702.7,10426.011428571428,18011.454033333335,13132.037117345802,Thursday,April,0,0.0
2011-04-29,0.0,21323.29,0.0,18021.481,9500.128571428573,17482.546366666666,11870.421486454523,Friday,April,0,0.0
2011-04-30,0.0,0.0,0.0,0.0,9500.128571428573,16496.299033333333,11870.421486454523,Saturday,April,1,6973.66
2011-05-01,6973.66,0.0,0.0,12725.5,9500.128571428573,15640.012033333334,11870.421486454523,Sunday,May,1,0.0
2011-05-02,0.0,6973.66,0.0,43713.56,10496.365714285714,15052.9067,11214.756789245534,Monday,May,0,28910.41
2011-05-03,28910.41,0.0,21584.41,18853.04,10496.365714285714,15052.9067,11214.756789245534,Tuesday,May,0,27532.0
2011-05-04,27532.0,28910.41,23593.2,25718.95,11542.937142857143,15785.970366666666,12669.449722594796,Wednesday,May,0,25232.670000000002
2011-05-05,25232.670000000002,27532.0,21323.29,27804.47,12105.622857142856,15736.444699999998,13362.352133713486,Thursday,May,0,30786.7
2011-05-06,30786.7,25232.670000000002,0.0,0.0,12664.105714285713,15618.888033333333,13883.35565040847,Friday,May,0,0.0
2011-05-07,0.0,30786.7,0.0,0.0,17062.205714285716,16221.034033333333,14077.945218948991,Saturday,May,1,18867.4
2011-05-08,18867.4,0.0,6973.66,0.0,17062.205714285716,15660.10836666667,14077.945218948991,Sunday,May,1,21624.41
2011-05-09,21624.41,18867.4,0.0,0.0,18761.31142857143,15531.6647,13356.661881548642,Monday,May,0,29870.7
2011-05-10,29870.7,21624.41,28910.41,21584.41,21850.512857142858,16252.478366666668,10486.585624453306,Tuesday,May,0,31887.7
2011-05-11,31887.7,29870.7,27532.0,23593.2,21987.697142857145,16917.70236666667,10600.003032978688,Wednesday,May,0,59901.56
2011-05-12,59901.56,31887.7,25232.670000000002,21323.29,22609.940000000002,17307.821033333334,11095.951551367745,Thursday,May,0,25885.83
2011-05-13,25885.83,59901.56,30786.7,0.0,27562.63857142857,18503.741033333336,18031.46551899987,Friday,May,0,0.0
2011-05-14,0.0,25885.83,0.0,0.0,26862.514285714286,18550.4547,17980.491230586427,Saturday,May,1,9680.05
2011-05-15,9680.05,0.0,18867.4,6973.66,26862.514285714286,17360.3647,17980.491230586427,Sunday,May,1,35706.7
2011-05-16,35706.7,9680.05,21624.41,0.0,25550.035714285714,17082.317,18969.472914150658,Monday,May,0,46406.090000000004
2011-05-17,46406.090000000004,35706.7,29870.7,28910.41,27561.79142857143,18272.54033333333,19228.722355851274,Tuesday,May,0,32882.87
2011-05-18,32882.87,46406.090000000004,31887.7,27532.0,29923.989999999998,19395.22666666667,20531.192674612623,Wednesday,May,0,31553.510000000002
2011-05-19,31553.510000000002,32882.87,59901.56,25232.670000000002,30066.15714285714,19034.203666666665,20550.492975705572,Thursday,May,0,25489.66
2011-05-20,25489.66,31553.510000000002,25885.83,30786.7,26016.43571428571,19457.55266666667,15974.958625911855,Friday,May,0,0.0
2011-05-21,0.0,25489.66,0.0,0.0,25959.84,19449.909666666666,15976.20017335162,Saturday,May,1,24231.09
2011-05-22,24231.09,0.0,9680.05,18867.4,25959.84,18523.094,15976.20017335162,Sunday,May,1,31307.49
2011-05-23,31307.49,24231.09,35706.7,21624.41,28038.559999999998,19330.797000000002,14370.9388937281,Monday,May,0,32462.48
2011-05-24,32462.48,31307.49,46406.090000000004,29870.7,27410.10142857143,20374.38,14072.811370256288,Tuesday,May,0,21884.93
2011-05-25,21884.93,32462.48,32882.87,31887.7,25418.157142857144,21456.462666666666,11727.234487425307,Wednesday,May,0,32764.38
2011-05-26,32764.38,21884.93,31553.510000000002,59901.56,23847.022857142852,22185.960333333336,11289.011528440276,Thursday,May,0,21163.32
2011-05-27,21163.32,32764.38,25489.66,25885.83,24020.004285714287,22558.626,11435.11072707922,Friday,May,0,0.0
2011-05-28,0.0,21163.32,0.0,0.0,23401.955714285716,22477.63,11459.32962681917,Saturday,May,1,7394.3
2011-05-29,7394.3,0.0,24231.09,9680.05,23401.955714285716,21766.853666666666,11459.32962681917,Sunday,May,1,0.0
2011-05-30,0.0,7394.3,31307.49,35706.7,20996.700000000004,22013.330333333335,12929.025520266418,Monday,May,0,18194.65
2011-05-31,18194.65,0.0,32462.48,46406.090000000004,16524.20142857143,22013.330333333335,14127.305248985545,Tuesday,May,0,15390.89
2011-06-01,15390.89,18194.65,21884.93,32882.87,14485.939999999999,22387.36333333333,12363.68761494052,Wednesday,June,0,28104.56
2011-06-02,28104.56,15390.89,32764.38,31553.510000000002,13558.220000000001,22900.392999999996,11952.781122208906,Thursday,June,0,15042.26
2011-06-03,15042.26,28104.56,21163.32,25489.66,12892.531428571428,22873.531333333336,10776.75968511011,Friday,June,0,0.0
2011-06-04,0.0,15042.26,0.0,0.0,12018.094285714285,22457.20666666667,10228.181680888454,Saturday,June,1,25639.54
2011-06-05,25639.54,0.0,7394.3,24231.09,12018.094285714285,21616.11766666667,10228.181680888454,Sunday,June,1,16290.98
2011-06-06,16290.98,25639.54,0.0,31307.49,14624.557142857142,21444.545666666665,11137.79580493484,Monday,June,0,33908.26
2011-06-07,33908.26,16290.98,18194.65,32462.48,16951.84,21987.578333333335,9085.598011767506,Tuesday,June,0,30192.13
2011-06-08,30192.13,33908.26,15390.89,21884.93,19196.641428571427,22488.940333333332,11150.412666002456,Wednesday,June,0,42910.38
2011-06-09,42910.38,30192.13,28104.56,32764.38,21311.104285714282,22774.531,11698.365758383901,Thursday,June,0,58245.12
2011-06-10,58245.12,42910.38,15042.26,21163.32,23426.221428571425,23209.186999999998,14201.949371156106,Friday,June,0,0.0
2011-06-11,0.0,58245.12,0.0,0.0,29598.058571428566,24087.767666666663,18644.016323882974,Saturday,June,1,12472.210000000001
2011-06-12,12472.210000000001,0.0,25639.54,7394.3,29598.058571428566,22091.049,18644.016323882974,Sunday,June,1,19719.11
2011-06-13,19719.11,12472.210000000001,16290.98,0.0,27717.01142857143,21643.928333333333,19741.88660204021,Monday,June,0,33334.47
2011-06-14,33334.47,19719.11,33908.26,18194.65,28206.744285714285,22301.232000000004,19451.58898737142,Tuesday,June,0,45077.54
2011-06-15,45077.54,33334.47,30192.13,15390.89,28124.774285714288,23089.712666666666,19424.748564636877,Wednesday,June,0,32307.77
2011-06-16,32307.77,45077.54,42910.38,28104.56,30251.26142857143,23402.074,20475.163058077174,Thursday,June,0,19059.23
2011-06-17,19059.23,32307.77,58245.12,15042.26,28736.602857142858,22932.13,19762.381873616796,Friday,June,0,0.0
2011-06-18,0.0,19059.23,0.0,0.0,23138.618571428575,22471.342,14982.475256757412,Saturday,June,1,22442.18
2011-06-19,22442.18,0.0,12472.210000000001,25639.54,23138.618571428575,21419.558333333334,14982.475256757412,Sunday,June,1,26136.73
2011-06-20,26136.73,22442.18,19719.11,16290.98,24562.899999999998,21317.97566666666,14255.759658659623,Monday,June,0,19850.66
2011-06-21,19850.66,26136.73,33334.47,33908.26,25479.70285714286,22189.2,14097.819261772049,Tuesday,June,0,21170.420000000002
2011-06-22,21170.420000000002,19850.66,45077.54,30192.13,23553.444285714282,22043.185666666664,13762.912117090715,Wednesday,June,0,22556.81
2011-06-23,22556.81,21170.420000000002,32307.77,42910.38,20138.141428571427,21705.283333333333,9977.044926923405,Thursday,June,0,16021.710000000001
2011-06-24,16021.710000000001,22556.81,19059.23,58245.12,18745.147142857142,21375.09433333333,8577.253050702824,Friday,June,0,0.0
2011-06-25,0.0,16021.710000000001,0.0,0.0,18311.215714285714,21179.653666666665,8635.353745039187,Saturday,June,1,7082.49
2011-06-26,7082.49,0.0,22442.18,12472.210000000001,18311.215714285714,20087.507666666665,8635.353745039187,Sunday,June,1,13412.2
2011-06-27,13412.2,7082.49,26136.73,19719.11,16116.974285714286,19618.146666666667,9333.921584919648,Monday,June,0,30532.37
2011-06-28,30532.37,13412.2,19850.66,33334.47,14299.184285714287,20065.219999999998,8231.264877430982,Tuesday,June,0,12570.630000000001
2011-06-29,12570.630000000001,30532.37,21170.420000000002,45077.54,15825.142857142857,20836.488999999998,10189.209306833256,Wednesday,June,0,41743.04
2011-06-30,41743.04,12570.630000000001,22556.81,32307.77,14596.60142857143,21255.51,9953.011149915783,Thursday,June,0,12189.29
2011-07-01,12189.29,41743.04,16021.710000000001,19059.23,17337.49142857143,22040.456333333335,14232.307416397663,Friday,July,0,0.0
2011-07-02,0.0,12189.29,0.0,0.0,16790.00285714286,21933.736333333338,14364.458090483522,Saturday,July,1,6032.39
2011-07-03,6032.39,0.0,7082.49,22442.18,16790.00285714286,20996.917666666668,14364.458090483522,Sunday,July,1,30985.170000000002
2011-07-04,30985.170000000002,6032.39,13412.2,26136.73,16639.98857142857,20696.588666666667,14487.68923322308,Monday,July,0,25992.260000000002
2011-07-05,25992.260000000002,30985.170000000002,30532.37,19850.66,19150.41285714286,21729.427666666666,15333.019035224523,Tuesday,July,0,22960.48
2011-07-06,22960.48,25992.260000000002,12570.630000000001,21170.420000000002,18501.825714285715,21741.185,14860.047685873318,Wednesday,July,0,27893.66
2011-07-07,27893.66,22960.48,41743.04,22556.81,19986.09,21963.501666666663,14686.75897709681,Thursday,July,0,17558.3
2011-07-08,17558.3,27893.66,12189.29,16021.710000000001,18007.60714285714,21763.015000000003,11944.101505194554,Friday,July,0,0.0
2011-07-09,0.0,17558.3,0.0,0.0,18774.608571428573,21341.887333333336,11677.616686008663,Saturday,July,1,5993.87
2011-07-10,5993.87,0.0,6032.39,7082.49,18774.608571428573,19911.541333333338,11677.616686008663,Sunday,July,1,20080.03
2011-07-11,20080.03,5993.87,30985.170000000002,13412.2,18769.105714285713,18169.833000000002,11684.628942412432,Monday,July,0,17948.19
2011-07-12,17948.19,20080.03,25992.260000000002,30532.37,17211.22857142857,18839.167333333335,10445.738753479713,Tuesday,July,0,19432.85
2011-07-13,19432.85,17948.19,22960.48,12570.630000000001,16062.075714285715,19021.7,9737.158053985542,Wednesday,July,0,32020.91
2011-07-14,32020.91,19432.85,27893.66,41743.04,15558.128571428571,19012.158,9406.291160231425,Thursday,July,0,11857.300000000001
2011-07-15,11857.300000000001,32020.91,17558.3,12189.29,16147.735714285713,18968.37266666667,10386.644156524384,Friday,July,0,0.0
2011-07-16,0.0,11857.300000000001,0.0,0.0,15333.307142857144,17861.031333333332,10480.691379342492,Saturday,July,1,16958.6
2011-07-17,16958.6,0.0,5993.87,6032.39,15333.307142857142,16784.105666666666,10480.691379342492,Sunday,July,1,22018.36
2011-07-18,22018.36,16958.6,20080.03,30985.170000000002,16899.69714285714,16714.084666666666,9637.693344671436,Monday,July,0,46599.08
2011-07-19,46599.08,22018.36,17948.19,25992.260000000002,17176.601428571426,17448.03,9771.218437450942,Tuesday,July,0,27076.97
2011-07-20,27076.97,46599.08,19432.85,22960.48,21269.58571428571,18253.260000000002,14836.214209017822,Wednesday,July,0,30394.71
2011-07-21,30394.71,27076.97,32020.91,27893.66,22361.602857142858,18284.601333333336,14959.300988632152,Thursday,July,0,14633.77
2011-07-22,14633.77,30394.71,11857.300000000001,17558.3,22129.28857142857,18636.069666666666,14796.029438152702,Friday,July,0,0.0
2011-07-23,0.0,14633.77,0.0,0.0,22525.927142857145,18418.181333333334,14509.208094383519,Saturday,July,1,26796.920000000002
2011-07-24,26796.920000000002,0.0,16958.6,5993.87,22525.927142857145,17666.287666666667,14509.208094383519,Sunday,July,1,19687.31
2011-07-25,19687.31,26796.920000000002,22018.36,20080.03,23931.40142857143,18025.461333333333,14355.727427594235,Monday,July,0,17293.001
2011-07-26,17293.001,19687.31,46599.08,17948.19,23598.394285714287,18681.705,14434.32129854959,Tuesday,July,0,22855.32
2011-07-27,22855.32,17293.001,27076.97,19432.85,19411.811571428574,19022.055366666664,10312.87145184652,Wednesday,July,0,54198.37
2011-07-28,54198.37,22855.32,30394.71,32020.91,18808.71871428572,19336.826033333335,9905.29281996963,Thursday,July,0,17240.61
2011-07-29,17240.61,54198.37,14633.77,11857.300000000001,22209.241571428574,20125.692700000003,16461.75511721136,Friday,July,0,0.0
2011-07-30,0.0,17240.61,0.0,0.0,22581.647285714283,20281.3587,16290.411378502446,Saturday,July,1,33393.29
2011-07-31,33393.29,0.0,26796.920000000002,16958.6,22581.647285714283,18889.924033333333,16290.411378502446,Sunday,July,1,19808.4
2011-08-01,19808.4,33393.29,19687.31,22018.36,23523.98585714286,19596.72403333333,16758.938398797836,Monday,August,0,20277.05
2011-08-02,20277.05,19808.4,17293.001,46599.08,23541.28442857143,20257.00403333333,16754.380021719724,Tuesday,August,0,26617.77
2011-08-03,26617.77,20277.05,22855.32,27076.97,23967.577142857142,20731.82603333333,16606.211697867486,Wednesday,August,0,62079.61
2011-08-04,62079.61,26617.77,54198.37,30394.71,24505.070000000003,20586.246033333337,16625.090064689386,Thursday,August,0,19825.4
2011-08-05,19825.4,62079.61,17240.61,14633.77,25630.961428571427,21789.1577,19059.740679913462,Friday,August,0,0.0
2011-08-06,0.0,19825.4,0.0,0.0,26000.217142857146,21684.655033333336,18894.41887013881,Saturday,August,1,7576.96
2011-08-07,7576.96,0.0,33393.29,26796.920000000002,26000.217142857146,20754.86636666667,18894.41887013881,Sunday,August,1,19758.62
2011-08-08,19758.62,7576.96,19808.4,19687.31,22312.170000000002,20422.155033333333,19712.692281990985,Monday,August,0,25957.12
2011-08-09,25957.12,19758.62,20277.05,17293.001,22305.058571428573,21080.7757,19713.75501779357,Tuesday,August,0,19861.56
2011-08-10,19861.56,25957.12,26617.77,22855.32,23116.49714285714,21746.217366666664,19733.25673170103,Wednesday,August,0,54386.17
2011-08-11,54386.17,19861.56,62079.61,54198.37,22151.324285714283,21738.935033333335,19698.660365237924,Thursday,August,0,17970.170000000002
2011-08-12,17970.170000000002,54386.17,19825.4,17240.61,21052.26142857143,22953.534366666667,17149.271243527553,Friday,August,0,0.0
2011-08-13,0.0,17970.170000000002,0.0,0.0,20787.22857142857,22904.77836666667,17185.68894364381,Saturday,August,1,5718.57
2011-08-14,5718.57,0.0,7576.96,33393.29,20787.22857142857,21837.4147,17185.68894364381,Sunday,August,1,17243.97
2011-08-15,17243.97,5718.57,19758.62,19808.4,20521.744285714285,21632.790366666668,17436.2999174967,Monday,August,0,16077.84
2011-08-16,16077.84,17243.97,25957.12,20277.05,20162.50857142857,22207.58936666667,17480.49113717483,Tuesday,August,0,48769.64
2011-08-17,48769.64,16077.84,19861.56,26617.77,18751.18285714286,22178.2307,17332.866353687456,Wednesday,August,0,54082.81
2011-08-18,54082.81,48769.64,54386.17,62079.61,22880.90857142857,23069.940033333332,20748.742639496206,Thursday,August,0,17339.59
2011-08-19,17339.59,54082.81,17970.170000000002,19825.4,22837.571428571428,23319.397699999998,20672.146860934594,Friday,August,0,0.0
2011-08-20,0.0,17339.59,0.0,0.0,22747.48857142857,22994.81836666667,20698.250061757586,Saturday,August,1,14566.84
2011-08-21,14566.84,0.0,5718.57,7576.96,22747.48857142857,21981.661366666667,20698.250061757586,Sunday,August,1,29623.18
2011-08-22,29623.18,14566.84,17243.97,19758.62,24011.527142857143,21979.43036666667,19732.628319954172,Monday,August,0,22399.11
2011-08-23,22399.11,29623.18,16077.84,25957.12,25779.985714285718,22966.8697,19579.14886027128,Tuesday,August,0,38617.01
2011-08-24,38617.01,22399.11,48769.64,19861.56,26683.024285714284,22820.27603333333,19199.16994325438,Wednesday,August,0,22495.29
2011-08-25,22495.29,38617.01,54082.81,54386.17,25232.648571428574,23451.26603333333,17566.659008805516,Thursday,August,0,24111.64
2011-08-26,24111.64,22495.29,17339.59,17970.170000000002,20720.145714285718,23624.675666666666,12139.107570395316,Friday,August,0,0.0
2011-08-27,0.0,24111.64,0.0,0.0,21687.58142857143,23666.553,12094.559032594556,Saturday,August,1,10805.03
2011-08-28,10805.03,0.0,14566.84,5718.57,21687.58142857143,21859.940666666665,12094.559032594556,Sunday,August,1,0.0
2011-08-29,0.0,10805.03,29623.18,17243.97,21150.18,21645.421333333335,12539.095622574498,Monday,August,0,8833.710000000001
2011-08-30,8833.710000000001,0.0,22399.11,16077.84,16918.297142857144,21645.421333333335,14104.077847728671,Tuesday,August,0,20540.84
2011-08-31,20540.84,8833.710000000001,38617.01,48769.64,14980.382857142858,20826.768666666667,14157.346319448097,Wednesday,August,0,37370.15
2011-09-01,37370.15,20540.84,22495.29,54082.81,12398.072857142859,20851.183333333334,10231.756082960075,Thursday,September,0,30297.05
2011-09-02,30297.05,37370.15,24111.64,17339.59,14523.052857142857,21420.95333333333,13651.465477151425,Friday,September,0,0.0
2011-09-03,0.0,30297.05,0.0,0.0,15406.682857142858,21543.596,14546.405206966332,Saturday,September,1,17005.03
2011-09-04,17005.03,0.0,10805.03,14566.84,15406.682857142858,19474.27566666667,14546.405206966334,Sunday,September,1,35698.7
2011-09-05,35698.7,17005.03,0.0,29623.18,16292.397142857142,19380.263333333332,14407.610851395775,Monday,September,0,25495.82
2011-09-06,25495.82,35698.7,8833.710000000001,22399.11,21392.211428571427,20570.219999999998,13991.551905540997,Tuesday,September,0,21967.420000000002
2011-09-07,21967.420000000002,25495.82,20540.84,38617.01,23772.512857142858,21167.515333333333,12871.440927448288,Wednesday,September,0,23188.3
2011-09-08,23188.3,21967.420000000002,37370.15,22495.29,23976.31,21241.142,12822.947315470563,Thursday,September,0,25142.15
2011-09-09,25142.15,23188.3,30297.05,24111.64,21950.331428571426,21148.848,11394.894710229428,Friday,September,0,0.0
2011-09-10,0.0,25142.15,0.0,0.0,21213.91714285714,21324.867666666665,10922.344113667057,Saturday,September,1,35511.67
2011-09-11,35511.67,0.0,17005.03,10805.03,21213.91714285714,19511.995333333332,10922.344113667057,Sunday,September,1,27989.4
2011-09-12,27989.4,35511.67,35698.7,0.0,23857.722857142857,20096.712,11927.340097597515,Monday,September,0,48162.25
2011-09-13,48162.25,27989.4,25495.82,8833.710000000001,22756.394285714283,21029.692,10969.200782053156,Tuesday,September,0,22027.95
2011-09-14,22027.95,48162.25,21967.420000000002,20540.84,25994.455714285716,22444.481333333337,14642.961639223204,Wednesday,September,0,71993.67
2011-09-15,71993.67,22027.95,23188.3,37370.15,26003.102857142858,22603.94733333333,14640.204808063907,Thursday,September,0,23248.98
2011-09-16,23248.98,71993.67,25142.15,30297.05,32975.298571428575,24467.808333333334,22557.120606663168,Friday,September,0,0.0
2011-09-17,0.0,23248.98,0.0,0.0,32704.84571428571,23617.119666666666,22677.717343817825,Saturday,September,1,15745.73
2011-09-18,15745.73,0.0,35511.67,17005.03,32704.84571428571,21814.359333333334,22677.717343817825,Sunday,September,1,46607.22
2011-09-19,46607.22,15745.73,27989.4,35698.7,29881.140000000003,21761.230666666663,23486.14247121766,Monday,September,0,103435.81
2011-09-20,103435.81,46607.22,48162.25,25495.82,32540.828571428574,23314.804666666663,24277.076972354975,Tuesday,September,0,38503.06
2011-09-21,38503.06,103435.81,22027.95,21967.420000000002,40437.05142857142,26277.103666666666,36244.25479615284,Wednesday,September,0,57869.36
2011-09-22,57869.36,38503.06,71993.67,23188.3,42790.638571428564,26573.099666666665,35374.062378000184,Thursday,September,0,31781.100000000002
2011-09-23,31781.100000000002,57869.36,23248.98,25142.15,40772.880000000005,27755.441333333332,33798.41486043935,Friday,September,0,0.0
2011-09-24,0.0,31781.100000000002,0.0,0.0,41991.75428571428,27527.577666666668,33209.84426631651,Saturday,September,1,31372.661
2011-09-25,31372.661,0.0,15745.73,35511.67,41991.75428571428,26777.734666666667,33209.84426631651,Sunday,September,1,29329.841
2011-09-26,29329.841,31372.661,46607.22,27989.4,44224.173,27019.7687,31639.606074641957,Monday,September,0,29274.36
2011-09-27,29274.36,29329.841,103435.81,48162.25,41755.97600000001,27997.430066666668,32093.369702212825,Tuesday,September,0,39057.89
2011-09-28,39057.89,29274.36,38503.06,22027.95,31161.483142857145,28613.074399999998,17056.729544185848,Wednesday,September,0,44729.37
2011-09-29,44729.37,39057.89,57869.36,71993.67,31240.74457142857,29915.004066666665,17097.7710552516,Thursday,September,0,40033.44
2011-09-30,40033.44,44729.37,31781.100000000002,23248.98,29363.603142857144,31111.526066666665,14155.074985415029,Friday,September,0,0.0
2011-10-01,0.0,40033.44,0.0,0.0,30542.508857142857,31761.279400000003,14722.258000376243,Saturday,October,1,11582.95
2011-10-02,11582.95,0.0,31372.661,15745.73,30542.508857142857,30515.607733333334,14722.258000376243,Sunday,October,1,62275.95
2011-10-03,62275.95,11582.95,29329.841,46607.22,27715.407285714286,29891.8044,16346.750340606995,Monday,October,0,38690.2
2011-10-04,38690.2,62275.95,29274.36,103435.81,32421.99428571429,31967.6694,20976.409242912905,Tuesday,October,0,74108.43000000001
2011-10-05,74108.43000000001,38690.2,39057.89,38503.06,33767.114285714284,32690.5084,21042.71780187536,Wednesday,October,0,60387.8
2011-10-06,60387.8,74108.43000000001,44729.37,57869.36,38774.33428571429,33970.83273333333,26079.044959309682,Thursday,October,0,49187.67
2011-10-07,49187.67,60387.8,40033.44,31781.100000000002,41011.25285714286,35133.898733333335,27317.126291321183,Friday,October,0,0.0
2011-10-08,0.0,49187.67,0.0,0.0,42319.0,36041.2404,27481.140788059252,Saturday,October,1,12466.81
2011-10-09,12466.81,0.0,11582.95,31372.661,42319.0,35268.297066666666,27481.140788059252,Sunday,October,1,43080.32
2011-10-10,43080.32,12466.81,62275.95,29329.841,42445.26571428571,34845.78573333334,27317.92900599097,Monday,October,0,46436.77
2011-10-11,46436.77,43080.32,38690.2,29274.36,39703.032857142854,36281.7964,25923.360888282303,Tuesday,October,0,27731.37
2011-10-12,27731.37,46436.77,74108.43000000001,39057.89,40809.68571428571,36645.966400000005,26038.01214939988,Wednesday,October,0,33039.18
2011-10-13,33039.18,27731.37,60387.8,44729.37,34184.391428571435,36637.3654,21690.40786639987,Thursday,October,0,32124.68
2011-10-14,32124.68,33039.18,49187.67,40033.44,30277.445714285714,36133.26306666667,18396.947551242352,Friday,October,0,0.0
2011-10-15,0.0,32124.68,0.0,0.0,27839.875714285714,36469.820733333334,16507.117326853146,Saturday,October,1,22010.96
2011-10-16,22010.96,0.0,12466.81,11582.95,27839.875714285714,34070.03173333334,16507.117326853146,Sunday,October,1,47005.24
2011-10-17,47005.24,22010.96,43080.32,62275.95,29203.32571428571,34028.7644,15381.49143335355,Monday,October,0,37302.4
2011-10-18,37302.4,47005.24,46436.77,38690.2,29764.028571428575,35595.60573333334,16029.546366309965,Tuesday,October,0,37333.52
2011-10-19,37333.52,37302.4,27731.37,74108.43000000001,28459.11857142857,36314.1614,14768.239268514071,Wednesday,October,0,61064.06
2011-10-20,61064.06,37333.52,33039.18,60387.8,29830.854285714282,36005.03806666667,15130.868653163816,Thursday,October,0,60417.26
2011-10-21,60417.26,61064.06,32124.68,49187.67,33834.40857142857,34592.6464,19264.30106902007,Friday,October,0,0.0
2011-10-22,0.0,60417.26,0.0,0.0,37876.205714285716,35323.11973333333,21664.30137093653,Saturday,October,1,12339.16
2011-10-23,12339.16,0.0,22010.96,12466.81,37876.205714285716,33394.14106666666,21664.30137093653,Sunday,October,1,39315.28
2011-10-24,39315.28,12339.16,47005.24,43080.32,36494.52,32746.0764,23105.277238804134,Monday,October,0,36235.95
2011-10-25,36235.95,39315.28,37302.4,46436.77,35395.95428571429,34056.58573333333,22701.529109111325,Tuesday,October,0,34435.32
2011-10-26,34435.32,36235.95,37333.52,27731.37,35243.60428571428,34218.69536666667,22690.17822477372,Wednesday,October,0,55837.14
2011-10-27,55837.14,34435.32,61064.06,33039.18,34829.57571428571,34388.878,22672.122255536546,Thursday,October,0,37290.57
2011-10-28,37290.57,55837.14,60417.26,32124.68,34082.87285714286,35274.304000000004,21730.613585457973,Friday,October,0,0.0
2011-10-29,0.0,37290.57,0.0,0.0,30779.059999999998,35215.39333333333,18590.770648398808,Saturday,October,1,34571.23
2011-10-30,34571.23,0.0,12339.16,22010.96,30779.059999999998,33724.414333333334,18590.770648398808,Sunday,October,1,33048.57
2011-10-31,33048.57,34571.23,39315.28,47005.24,33955.07,33542.34066666666,16720.4559570326,Monday,October,0,29132.81
2011-11-01,29132.81,33048.57,36235.95,37302.4,33059.82571428571,34643.95966666666,16552.550353115643,Tuesday,November,0,38734.7
2011-11-02,38734.7,29132.81,34435.32,37333.52,32045.09142857143,35228.954999999994,16543.112496354723,Wednesday,November,0,60672.11
2011-11-03,60672.11,38734.7,55837.14,61064.06,32659.288571428573,34444.246666666666,16725.451811064708,Thursday,November,0,56099.24
2011-11-04,56099.24,60672.11,37290.57,60417.26,33349.99857142857,35176.977,17900.69940496221,Friday,November,0,0.0
2011-11-05,0.0,56099.24,0.0,0.0,36036.951428571425,34576.670666666665,19891.673751920625,Saturday,November,1,42941.340000000004
2011-11-06,42941.340000000004,0.0,34571.23,12339.16,36036.951428571425,32563.744,19891.673751920625,Sunday,November,1,28779.24
2011-11-07,28779.24,42941.340000000004,33048.57,39315.28,37232.68142857143,32355.533,20039.901690235773,Monday,November,0,38295.12
2011-11-08,38295.12,28779.24,29132.81,36235.95,36622.77714285714,33314.841,20252.30834333601,Tuesday,November,0,61489.18
2011-11-09,61489.18,38295.12,38734.7,34435.32,37931.67857142857,34175.78466666667,19981.827250379647,Wednesday,November,0,70513.29
2011-11-10,70513.29,61489.18,60672.11,55837.14,41182.31857142857,34789.41333333333,21893.62513327905,Thursday,November,0,37081.37
2011-11-11,37081.37,70513.29,56099.24,37290.57,42588.20142857143,35591.964,23602.977557989332,Friday,November,0,0.0
2011-11-12,0.0,37081.37,0.0,0.0,39871.36285714286,35903.63066666667,22871.787001891455,Saturday,November,1,28607.78
2011-11-13,28607.78,0.0,42941.340000000004,34571.23,39871.36285714286,34802.32466666667,22871.787001891455,Sunday,November,1,58777.71
2011-11-14,58777.71,28607.78,28779.24,33048.57,37823.71142857143,34685.094666666664,23190.534162566157,Monday,November,0,47729.0
2011-11-15,47729.0,58777.71,38295.12,29132.81,42109.20714285714,36644.35166666667,23998.3142691313,Tuesday,November,0,48439.76
2011-11-16,48439.76,47729.0,61489.18,38734.7,43456.904285714285,37501.61966666667,24013.31340618427,Wednesday,November,0,55885.3
2011-11-17,55885.3,48439.76,70513.29,60672.11,41592.70142857143,37549.437000000005,22858.894848056734,Thursday,November,0,36751.25
2011-11-18,36751.25,55885.3,37081.37,56099.24,39502.98857142857,38168.867,20299.77041691231,Friday,November,0,0.0
2011-11-19,0.0,36751.25,0.0,0.0,39455.82857142857,38149.458,20306.71618815184,Saturday,November,1,30190.920000000002
2011-11-20,30190.920000000002,0.0,28607.78,42941.340000000004,39455.82857142857,36113.98933333333,20306.71618815184,Sunday,November,1,45333.13
2011-11-21,45333.13,30190.920000000002,58777.71,28779.24,39681.991428571426,35106.44466666667,20174.144590044325,Monday,November,0,49664.89
2011-11-22,49664.89,45333.13,47729.0,38295.12,37761.33714285714,36617.549,18634.391005332698,Tuesday,November,0,71979.93
2011-11-23,71979.93,49664.89,48439.76,61489.18,38037.892857142855,37861.740000000005,18820.414692496128,Wednesday,November,0,38579.11
2011-11-24,38579.11,71979.93,55885.3,70513.29,41400.77428571428,38950.56166666667,22693.421587236004,Thursday,November,0,26674.66
2011-11-25,26674.66,38579.11,36751.25,37081.37,38928.46142857143,39028.667,21776.60169441997,Friday,November,0,0.0
2011-11-26,0.0,26674.66,0.0,0.0,37488.94857142856,38769.97833333334,22271.926675860683,Saturday,November,1,17300.96
2011-11-27,17300.96,0.0,30190.920000000002,28607.78,37488.94857142856,36908.740333333335,22271.926675860683,Sunday,November,1,51831.67
2011-11-28,51831.67,17300.96,45333.13,58777.71,35647.525714285715,36242.420000000006,23476.19397634042,Monday,November,0,48851.68
2011-11-29,48851.68,51831.67,49664.89,47729.0,36575.888571428564,37970.14233333334,24044.655311899314,Tuesday,November,0,41481.23
2011-11-30,41481.23,48851.68,71979.93,48439.76,36459.71571428571,38446.15733333333,23972.732142581543,Wednesday,November,0,44533.99
2011-12-01,44533.99,41481.23,38579.11,55885.3,32102.75857142857,38727.24600000001,18613.61406912284,Thursday,December,0,44713.69
2011-12-02,44713.69,44533.99,26674.66,36751.25,32953.455714285716,39240.61866666667,19088.94252304098,Friday,December,0,0.0
2011-12-03,0.0,44713.69,0.0,0.0,35530.46,39439.918333333335,19316.312351226195,Saturday,December,1,20375.96
2011-12-04,20375.96,0.0,17300.96,30190.920000000002,35530.46,37417.51466666666,19316.312351226195,Sunday,December,1,58202.21
2011-12-05,58202.21,20375.96,51831.67,45333.13,35969.74571428572,36226.738666666664,18862.276875328764,Monday,December,0,46144.04
2011-12-06,46144.04,58202.21,48851.68,49664.89,36879.822857142855,38166.81233333333,19881.302258057884,Tuesday,December,0,69354.21
2011-12-07,69354.21,46144.04,41481.23,71979.93,36493.01714285714,38273.569,19634.36656330911,Wednesday,December,0,50519.41
2011-12-08,50519.41,69354.21,44533.99,38579.11,40474.87142857143,39626.068,23298.925889662412,Thursday,December,0,184349.28
2011-12-09,184349.28,50519.41,44713.69,26674.66,41329.93142857143,40033.54433333334,23580.847115058896,Friday,December,0,
